Flight_ID,Airline,Origin_Airport,Destination_Airport,Scheduled_Departure,Actual_Departure,Delay_Minutes,Flight_Status,Flight_Duration_Minutes,Month,Day_of_Week,Departure_Hour
FL1000,Go First,BOM,DEL,2025-04-04 21:00,2025-04-04 21:38,38,Delayed,122,Apr,Friday,21
FL1001,Go First,BOM,PNQ,2025-01-30 16:00,2025-01-30 16:24,24,Delayed,211,Jan,Thursday,16
FL1002,IndiGo,BOM,BLR,2025-03-21 09:00,2025-03-21 09:42,42,Delayed,189,Mar,Friday,9
FL1003,Akasa Air,HYD,PNQ,2025-05-24 04:00,2025-05-24 05:01,61,Delayed,116,May,Saturday,4
FL1004,SpiceJet,DEL,AMD,2025-02-24 11:00,2025-02-24 11:22,22,Delayed,168,Feb,Monday,11
FL1005,Air India,HYD,AMD,2025-04-25 21:00,2025-04-25 21:22,22,Delayed,86,Apr,Friday,21
FL1006,IndiGo,CCU,AMD,2025-04-28 09:00,2025-04-28 10:02,62,Delayed,214,Apr,Monday,9
FL1007,IndiGo,AMD,MAA,2025-02-12 14:00,2025-02-12 14:44,44,Delayed,156,Feb,Wednesday,14
FL1008,SpiceJet,CCU,MAA,2025-03-07 15:00,2025-03-07 15:17,17,Delayed,77,Mar,Friday,15
FL1009,Air India,MAA,DEL,2025-03-21 11:00,2025-03-21 11:39,39,Delayed,85,Mar,Friday,11
FL1010,Vistara,CCU,BOM,2025-05-07 08:00,2025-05-07 08:17,17,Delayed,150,May,Wednesday,8
FL1011,SpiceJet,BOM,CCU,2025-02-28 09:00,2025-02-28 09:17,17,Delayed,196,Feb,Friday,9
FL1012,Air India,AMD,HYD,2025-04-03 03:00,2025-04-03 03:33,33,Delayed,202,Apr,Thursday,3
FL1013,SpiceJet,DEL,BLR,2025-01-11 22:00,2025-01-11 22:00,0,On Time,140,Jan,Saturday,22
FL1014,IndiGo,HYD,CCU,2025-04-18 09:00,2025-04-18 09:00,0,On Time,114,Apr,Friday,9
FL1015,Vistara,AMD,BOM,2025-04-01 09:00,2025-04-01 09:15,15,On Time,95,Apr,Tuesday,9
FL1016,Akasa Air,MAA,PNQ,2025-05-27 05:00,2025-05-27 05:05,5,On Time,209,May,Tuesday,5
FL1017,Air India,BLR,CCU,2025-06-18 10:00,2025-06-18 10:34,34,Delayed,83,Jun,Wednesday,10
FL1018,IndiGo,BLR,PNQ,2025-02-24 14:00,2025-02-24 14:08,8,On Time,168,Feb,Monday,14
FL1019,Vistara,PNQ,MAA,2025-06-09 18:00,2025-06-09 18:00,0,On Time,195,Jun,Monday,18
FL1020,Akasa Air,DEL,PNQ,2025-02-09 02:00,2025-02-09 03:00,60,Delayed,197,Feb,Sunday,2
FL1021,Go First,CCU,DEL,2025-04-11 04:00,2025-04-11 04:23,23,Delayed,171,Apr,Friday,4
FL1022,IndiGo,MAA,CCU,2025-03-02 23:00,2025-03-02 23:29,29,Delayed,189,Mar,Sunday,23
FL1023,Go First,MAA,AMD,2025-06-23 06:00,2025-06-23 06:00,0,On Time,215,Jun,Monday,6
FL1024,SpiceJet,BLR,CCU,2025-01-01 04:00,2025-01-01 04:16,16,Delayed,213,Jan,Wednesday,4
FL1025,IndiGo,BOM,HYD,2025-04-15 23:00,2025-04-15 23:30,30,Delayed,121,Apr,Tuesday,23
FL1026,Akasa Air,BOM,DEL,2025-06-15 21:00,2025-06-15 21:02,2,On Time,77,Jun,Sunday,21
FL1027,Akasa Air,BLR,BOM,2025-06-12 05:00,2025-06-12 05:36,36,Delayed,200,Jun,Thursday,5
FL1028,Akasa Air,PNQ,BOM,2025-03-10 15:00,2025-03-10 15:14,14,On Time,139,Mar,Monday,15
FL1029,Go First,CCU,HYD,2025-06-26 15:00,2025-06-26 15:21,21,Delayed,175,Jun,Thursday,15
FL1030,Air India,BOM,HYD,2025-01-08 04:00,2025-01-08 04:14,14,On Time,210,Jan,Wednesday,4
FL1031,Akasa Air,HYD,DEL,2025-01-25 05:00,2025-01-25 06:08,68,Delayed,75,Jan,Saturday,5
FL1032,IndiGo,CCU,DEL,2025-06-25 11:00,2025-06-25 11:27,27,Delayed,120,Jun,Wednesday,11
FL1033,Vistara,HYD,CCU,2025-02-15 03:00,2025-02-15 03:04,4,On Time,206,Feb,Saturday,3
FL1034,Air India,AMD,PNQ,2025-05-19 22:00,2025-05-19 22:46,46,Delayed,108,May,Monday,22
FL1035,Go First,PNQ,BLR,2025-05-25 13:00,2025-05-25 13:01,1,On Time,165,May,Sunday,13
FL1036,Go First,DEL,PNQ,2025-02-03 14:00,2025-02-03 14:32,32,Delayed,75,Feb,Monday,14
FL1037,SpiceJet,BOM,BLR,2025-03-07 09:00,2025-03-07 09:00,0,On Time,108,Mar,Friday,9
FL1038,Air India,PNQ,BOM,2025-04-06 01:00,2025-04-06 01:00,0,On Time,178,Apr,Sunday,1
FL1039,IndiGo,AMD,PNQ,2025-02-03 10:00,2025-02-03 10:32,32,Delayed,72,Feb,Monday,10
FL1040,Akasa Air,DEL,BOM,2025-03-22 16:00,2025-03-22 16:44,44,Delayed,102,Mar,Saturday,16
FL1041,Vistara,HYD,AMD,2025-05-17 21:00,2025-05-17 21:31,31,Delayed,75,May,Saturday,21
FL1042,IndiGo,PNQ,BLR,2025-06-05 07:00,2025-06-05 07:25,25,Delayed,133,Jun,Thursday,7
FL1043,Go First,AMD,BOM,2025-03-06 19:00,2025-03-06 19:21,21,Delayed,135,Mar,Thursday,19
FL1044,IndiGo,DEL,PNQ,2025-04-18 01:00,2025-04-18 01:00,0,On Time,74,Apr,Friday,1
FL1045,Vistara,BLR,DEL,2025-06-23 08:00,2025-06-23 08:12,12,On Time,80,Jun,Monday,8
FL1046,IndiGo,BOM,PNQ,2025-03-22 06:00,2025-03-22 06:17,17,Delayed,163,Mar,Saturday,6
FL1047,Akasa Air,HYD,CCU,2025-01-14 13:00,2025-01-14 13:51,51,Delayed,218,Jan,Tuesday,13
FL1048,Go First,CCU,BLR,2025-03-11 17:00,2025-03-11 17:35,35,Delayed,140,Mar,Tuesday,17
FL1049,Vistara,BLR,PNQ,2025-04-13 09:00,2025-04-13 09:00,0,On Time,177,Apr,Sunday,9
FL1050,IndiGo,DEL,MAA,2025-02-04 03:00,2025-02-04 03:35,35,Delayed,78,Feb,Tuesday,3
FL1051,Akasa Air,MAA,BOM,2025-04-30 03:00,2025-04-30 03:19,19,Delayed,77,Apr,Wednesday,3
FL1052,SpiceJet,MAA,BOM,2025-05-30 13:00,2025-05-30 13:13,13,On Time,199,May,Friday,13
FL1053,Akasa Air,DEL,PNQ,2025-04-13 04:00,2025-04-13 04:41,41,Delayed,86,Apr,Sunday,4
FL1054,Air India,MAA,DEL,2025-02-06 12:00,2025-02-06 12:50,50,Delayed,201,Feb,Thursday,12
FL1055,SpiceJet,HYD,PNQ,2025-04-28 00:00,2025-04-28 00:48,48,Delayed,112,Apr,Monday,0
FL1056,SpiceJet,AMD,BLR,2025-01-18 08:00,2025-01-18 08:09,9,On Time,83,Jan,Saturday,8
FL1057,SpiceJet,DEL,BOM,2025-04-24 20:00,2025-04-24 20:21,21,Delayed,93,Apr,Thursday,20
FL1058,SpiceJet,BLR,PNQ,2025-05-31 19:00,2025-05-31 19:35,35,Delayed,201,May,Saturday,19
FL1059,Akasa Air,DEL,BOM,2025-01-26 16:00,2025-01-26 16:49,49,Delayed,98,Jan,Sunday,16
FL1060,SpiceJet,BLR,MAA,2025-02-13 12:00,2025-02-13 12:17,17,Delayed,70,Feb,Thursday,12
FL1061,IndiGo,CCU,BOM,2025-03-27 04:00,2025-03-27 04:23,23,Delayed,86,Mar,Thursday,4
FL1062,Akasa Air,PNQ,MAA,2025-02-22 18:00,2025-02-22 18:03,3,On Time,120,Feb,Saturday,18
FL1063,Air India,PNQ,DEL,2025-03-03 05:00,2025-03-03 05:01,1,On Time,145,Mar,Monday,5
FL1064,Vistara,HYD,BLR,2025-02-24 08:00,2025-02-24 08:45,45,Delayed,87,Feb,Monday,8
FL1065,IndiGo,AMD,BOM,2025-03-10 02:00,2025-03-10 02:57,57,Delayed,177,Mar,Monday,2
FL1066,Air India,HYD,DEL,2025-03-07 22:00,2025-03-07 22:26,26,Delayed,162,Mar,Friday,22
FL1067,IndiGo,MAA,BLR,2025-06-23 21:00,2025-06-23 21:50,50,Delayed,162,Jun,Monday,21
FL1068,Akasa Air,CCU,DEL,2025-02-09 08:00,2025-02-09 08:35,35,Delayed,126,Feb,Sunday,8
FL1069,SpiceJet,DEL,BOM,2025-05-29 07:00,2025-05-29 07:13,13,On Time,148,May,Thursday,7
FL1070,SpiceJet,PNQ,MAA,2025-06-24 13:00,2025-06-24 13:35,35,Delayed,89,Jun,Tuesday,13
FL1071,Akasa Air,HYD,BLR,2025-01-16 03:00,2025-01-16 03:00,0,Cancelled,171,Jan,Thursday,3
FL1072,Akasa Air,HYD,BLR,2025-05-28 05:00,2025-05-28 05:27,27,Delayed,77,May,Wednesday,5
FL1073,SpiceJet,CCU,PNQ,2025-02-12 12:00,2025-02-12 13:02,62,Delayed,136,Feb,Wednesday,12
FL1074,Go First,PNQ,BLR,2025-05-18 08:00,2025-05-18 08:00,0,On Time,135,May,Sunday,8
FL1075,Air India,PNQ,CCU,2025-05-10 09:00,2025-05-10 09:46,46,Delayed,104,May,Saturday,9
FL1076,SpiceJet,PNQ,MAA,2025-01-01 03:00,2025-01-01 03:29,29,Delayed,137,Jan,Wednesday,3
FL1077,Vistara,CCU,HYD,2025-05-31 19:00,2025-05-31 19:21,21,Delayed,173,May,Saturday,19
FL1078,Akasa Air,AMD,PNQ,2025-02-27 22:00,2025-02-27 22:30,30,Delayed,81,Feb,Thursday,22
FL1079,Go First,CCU,DEL,2025-03-22 04:00,2025-03-22 04:00,0,On Time,139,Mar,Saturday,4
FL1080,Air India,BLR,DEL,2025-01-16 18:00,2025-01-16 18:23,23,Delayed,122,Jan,Thursday,18
FL1081,Akasa Air,BOM,MAA,2025-05-22 11:00,2025-05-22 11:35,35,Delayed,207,May,Thursday,11
FL1082,Go First,PNQ,HYD,2025-05-17 09:00,2025-05-17 10:00,60,Delayed,122,May,Saturday,9
FL1083,Go First,DEL,AMD,2025-02-06 09:00,2025-02-06 09:16,16,Delayed,168,Feb,Thursday,9
FL1084,Go First,AMD,DEL,2025-03-27 01:00,2025-03-27 01:10,10,On Time,91,Mar,Thursday,1
FL1085,Vistara,CCU,AMD,2025-06-01 01:00,2025-06-01 01:16,16,Delayed,216,Jun,Sunday,1
FL1086,Akasa Air,PNQ,AMD,2025-06-02 04:00,2025-06-02 04:48,48,Delayed,100,Jun,Monday,4
FL1087,Vistara,AMD,BLR,2025-03-26 09:00,2025-03-26 09:35,35,Delayed,130,Mar,Wednesday,9
FL1088,Akasa Air,AMD,CCU,2025-03-23 15:00,2025-03-23 15:16,16,Delayed,130,Mar,Sunday,15
FL1089,Go First,MAA,BOM,2025-04-03 17:00,2025-04-03 17:39,39,Delayed,145,Apr,Thursday,17
FL1090,Akasa Air,BOM,BLR,2025-02-21 11:00,2025-02-21 11:30,30,Delayed,119,Feb,Friday,11
FL1091,Air India,HYD,DEL,2025-05-22 14:00,2025-05-22 14:49,49,Delayed,164,May,Thursday,14
FL1092,Vistara,PNQ,DEL,2025-03-12 14:00,2025-03-12 14:12,12,On Time,167,Mar,Wednesday,14
FL1093,Akasa Air,DEL,AMD,2025-05-10 20:00,2025-05-10 20:00,0,Cancelled,182,May,Saturday,20
FL1094,SpiceJet,MAA,AMD,2025-05-14 02:00,2025-05-14 02:19,19,Delayed,167,May,Wednesday,2
FL1095,Go First,HYD,MAA,2025-03-16 21:00,2025-03-16 21:00,0,On Time,129,Mar,Sunday,21
FL1096,IndiGo,PNQ,BLR,2025-05-19 00:00,2025-05-19 00:34,34,Delayed,102,May,Monday,0
FL1097,Air India,DEL,MAA,2025-01-10 06:00,2025-01-10 06:33,33,Delayed,81,Jan,Friday,6
FL1098,Air India,AMD,BOM,2025-01-18 03:00,2025-01-18 03:28,28,Delayed,126,Jan,Saturday,3
FL1099,Air India,AMD,BLR,2025-04-26 04:00,2025-04-26 04:22,22,Delayed,157,Apr,Saturday,4
FL1100,Vistara,MAA,AMD,2025-01-28 22:00,2025-01-28 22:00,0,Cancelled,180,Jan,Tuesday,22
FL1101,Akasa Air,DEL,HYD,2025-03-18 12:00,2025-03-18 12:18,18,Delayed,77,Mar,Tuesday,12
FL1102,Go First,DEL,AMD,2025-01-11 14:00,2025-01-11 14:20,20,Delayed,123,Jan,Saturday,14
FL1103,IndiGo,BLR,BOM,2025-02-13 02:00,2025-02-13 02:10,10,On Time,181,Feb,Thursday,2
FL1104,Akasa Air,HYD,MAA,2025-03-29 11:00,2025-03-29 11:24,24,Delayed,154,Mar,Saturday,11
FL1105,Akasa Air,BOM,AMD,2025-02-25 21:00,2025-02-25 21:36,36,Delayed,139,Feb,Tuesday,21
FL1106,IndiGo,MAA,CCU,2025-05-09 02:00,2025-05-09 03:09,69,Delayed,161,May,Friday,2
FL1107,Air India,BOM,CCU,2025-03-24 21:00,2025-03-24 21:31,31,Delayed,86,Mar,Monday,21
FL1108,SpiceJet,BOM,AMD,2025-01-15 00:00,2025-01-15 00:33,33,Delayed,148,Jan,Wednesday,0
FL1109,Go First,CCU,DEL,2025-06-22 16:00,2025-06-22 16:00,0,Cancelled,147,Jun,Sunday,16
FL1110,Vistara,AMD,DEL,2025-05-28 23:00,2025-05-28 23:00,0,On Time,152,May,Wednesday,23
FL1111,Vistara,BLR,MAA,2025-03-02 02:00,2025-03-02 02:27,27,Delayed,193,Mar,Sunday,2
FL1112,SpiceJet,AMD,HYD,2025-05-29 16:00,2025-05-29 16:29,29,Delayed,211,May,Thursday,16
FL1113,Air India,BOM,HYD,2025-06-03 20:00,2025-06-03 21:22,82,Delayed,122,Jun,Tuesday,20
FL1114,Akasa Air,PNQ,BLR,2025-01-10 19:00,2025-01-10 19:23,23,Delayed,186,Jan,Friday,19
FL1115,Air India,AMD,BOM,2025-05-02 02:00,2025-05-02 02:34,34,Delayed,126,May,Friday,2
FL1116,Akasa Air,MAA,CCU,2025-01-04 11:00,2025-01-04 11:27,27,Delayed,192,Jan,Saturday,11
FL1117,IndiGo,HYD,PNQ,2025-05-19 17:00,2025-05-19 17:02,2,On Time,185,May,Monday,17
FL1118,Air India,AMD,CCU,2025-06-17 12:00,2025-06-17 12:53,53,Delayed,174,Jun,Tuesday,12
FL1119,IndiGo,MAA,BOM,2025-05-19 00:00,2025-05-19 00:44,44,Delayed,122,May,Monday,0
FL1120,Akasa Air,CCU,HYD,2025-04-28 08:00,2025-04-28 08:45,45,Delayed,168,Apr,Monday,8
FL1121,Akasa Air,CCU,BLR,2025-06-04 21:00,2025-06-04 21:07,7,On Time,129,Jun,Wednesday,21
FL1122,Air India,BOM,PNQ,2025-03-07 17:00,2025-03-07 17:58,58,Delayed,140,Mar,Friday,17
FL1123,Akasa Air,BLR,BOM,2025-03-15 20:00,2025-03-15 20:00,0,On Time,183,Mar,Saturday,20
FL1124,Akasa Air,MAA,DEL,2025-03-08 06:00,2025-03-08 06:40,40,Delayed,135,Mar,Saturday,6
FL1125,Air India,MAA,DEL,2025-02-13 04:00,2025-02-13 05:16,76,Delayed,130,Feb,Thursday,4
FL1126,IndiGo,MAA,PNQ,2025-02-13 02:00,2025-02-13 02:06,6,On Time,185,Feb,Thursday,2
FL1127,IndiGo,MAA,HYD,2025-06-13 09:00,2025-06-13 09:15,15,On Time,172,Jun,Friday,9
FL1128,IndiGo,MAA,AMD,2025-06-13 01:00,2025-06-13 01:30,30,Delayed,89,Jun,Friday,1
FL1129,Vistara,AMD,DEL,2025-01-19 07:00,2025-01-19 07:16,16,Delayed,98,Jan,Sunday,7
FL1130,Akasa Air,MAA,DEL,2025-03-26 17:00,2025-03-26 17:00,0,On Time,90,Mar,Wednesday,17
FL1131,Vistara,HYD,AMD,2025-06-28 08:00,2025-06-28 08:29,29,Delayed,157,Jun,Saturday,8
FL1132,Vistara,MAA,AMD,2025-05-27 08:00,2025-05-27 08:04,4,On Time,138,May,Tuesday,8
FL1133,IndiGo,BOM,AMD,2025-03-12 22:00,2025-03-12 22:38,38,Delayed,220,Mar,Wednesday,22
FL1134,Go First,BOM,BLR,2025-03-23 20:00,2025-03-23 20:07,7,On Time,104,Mar,Sunday,20
FL1135,Air India,DEL,MAA,2025-06-03 18:00,2025-06-03 19:02,62,Delayed,212,Jun,Tuesday,18
FL1136,IndiGo,HYD,BLR,2025-04-07 12:00,2025-04-07 12:10,10,On Time,176,Apr,Monday,12
FL1137,Air India,MAA,AMD,2025-03-09 12:00,2025-03-09 12:20,20,Delayed,168,Mar,Sunday,12
FL1138,Air India,BLR,HYD,2025-02-18 13:00,2025-02-18 13:45,45,Delayed,78,Feb,Tuesday,13
FL1139,SpiceJet,MAA,HYD,2025-02-12 10:00,2025-02-12 10:00,0,On Time,179,Feb,Wednesday,10
FL1140,Go First,PNQ,BLR,2025-06-20 19:00,2025-06-20 19:33,33,Delayed,198,Jun,Friday,19
FL1141,IndiGo,DEL,MAA,2025-04-21 00:00,2025-04-21 00:56,56,Delayed,214,Apr,Monday,0
FL1142,IndiGo,HYD,PNQ,2025-01-08 01:00,2025-01-08 01:00,0,On Time,128,Jan,Wednesday,1
FL1143,Air India,AMD,MAA,2025-05-31 22:00,2025-05-31 22:32,32,Delayed,131,May,Saturday,22
FL1144,Akasa Air,PNQ,CCU,2025-06-17 20:00,2025-06-17 20:33,33,Delayed,83,Jun,Tuesday,20
FL1145,Vistara,CCU,BLR,2025-02-05 16:00,2025-02-05 16:45,45,Delayed,101,Feb,Wednesday,16
FL1146,Go First,AMD,BLR,2025-05-17 16:00,2025-05-17 16:00,0,On Time,200,May,Saturday,16
FL1147,IndiGo,CCU,BLR,2025-04-21 08:00,2025-04-21 08:00,0,On Time,89,Apr,Monday,8
FL1148,Vistara,DEL,PNQ,2025-06-07 16:00,2025-06-07 16:39,39,Delayed,165,Jun,Saturday,16
FL1149,Akasa Air,CCU,MAA,2025-06-20 03:00,2025-06-20 03:34,34,Delayed,220,Jun,Friday,3
FL1150,IndiGo,HYD,BLR,2025-02-14 17:00,2025-02-14 17:33,33,Delayed,133,Feb,Friday,17
FL1151,Go First,AMD,DEL,2025-01-10 20:00,2025-01-10 20:35,35,Delayed,215,Jan,Friday,20
FL1152,Go First,BLR,HYD,2025-01-05 16:00,2025-01-05 16:13,13,On Time,201,Jan,Sunday,16
FL1153,Air India,BOM,MAA,2025-02-10 02:00,2025-02-10 02:33,33,Delayed,99,Feb,Monday,2
FL1154,Go First,MAA,CCU,2025-04-04 07:00,2025-04-04 07:34,34,Delayed,166,Apr,Friday,7
FL1155,Vistara,HYD,MAA,2025-02-19 08:00,2025-02-19 08:12,12,On Time,158,Feb,Wednesday,8
FL1156,Akasa Air,BLR,AMD,2025-01-24 19:00,2025-01-24 20:09,69,Delayed,130,Jan,Friday,19
FL1157,Vistara,CCU,AMD,2025-06-23 07:00,2025-06-23 07:38,38,Delayed,128,Jun,Monday,7
FL1158,SpiceJet,MAA,AMD,2025-06-17 03:00,2025-06-17 03:01,1,On Time,98,Jun,Tuesday,3
FL1159,Vistara,CCU,BLR,2025-05-09 18:00,2025-05-09 18:42,42,Delayed,176,May,Friday,18
FL1160,Air India,HYD,CCU,2025-05-11 17:00,2025-05-11 17:06,6,On Time,119,May,Sunday,17
FL1161,Vistara,DEL,HYD,2025-06-11 10:00,2025-06-11 10:45,45,Delayed,157,Jun,Wednesday,10
FL1162,Go First,BLR,MAA,2025-01-13 15:00,2025-01-13 15:53,53,Delayed,92,Jan,Monday,15
FL1163,Akasa Air,CCU,AMD,2025-02-04 06:00,2025-02-04 06:09,9,On Time,172,Feb,Tuesday,6
FL1164,Vistara,DEL,PNQ,2025-02-19 04:00,2025-02-19 04:49,49,Delayed,164,Feb,Wednesday,4
FL1165,Air India,BOM,MAA,2025-04-01 11:00,2025-04-01 11:37,37,Delayed,146,Apr,Tuesday,11
FL1166,Vistara,BOM,AMD,2025-04-23 03:00,2025-04-23 03:46,46,Delayed,196,Apr,Wednesday,3
FL1167,SpiceJet,AMD,PNQ,2025-01-13 06:00,2025-01-13 07:09,69,Delayed,218,Jan,Monday,6
FL1168,Go First,MAA,BOM,2025-01-31 20:00,2025-01-31 20:22,22,Delayed,171,Jan,Friday,20
FL1169,Go First,BOM,MAA,2025-02-26 18:00,2025-02-26 18:11,11,On Time,136,Feb,Wednesday,18
FL1170,IndiGo,CCU,AMD,2025-01-20 03:00,2025-01-20 03:08,8,On Time,135,Jan,Monday,3
FL1171,Vistara,BLR,BOM,2025-05-21 15:00,2025-05-21 15:10,10,On Time,204,May,Wednesday,15
FL1172,Air India,BLR,BOM,2025-01-27 22:00,2025-01-27 22:26,26,Delayed,216,Jan,Monday,22
FL1173,Akasa Air,HYD,MAA,2025-02-18 20:00,2025-02-18 20:35,35,Delayed,119,Feb,Tuesday,20
FL1174,SpiceJet,AMD,BLR,2025-01-04 04:00,2025-01-04 04:34,34,Delayed,179,Jan,Saturday,4
FL1175,Go First,BLR,DEL,2025-05-31 18:00,2025-05-31 18:46,46,Delayed,148,May,Saturday,18
FL1176,SpiceJet,PNQ,CCU,2025-03-27 08:00,2025-03-27 08:28,28,Delayed,176,Mar,Thursday,8
FL1177,Air India,PNQ,AMD,2025-06-14 22:00,2025-06-14 22:59,59,Delayed,87,Jun,Saturday,22
FL1178,Akasa Air,CCU,MAA,2025-04-11 23:00,2025-04-11 23:00,0,Cancelled,135,Apr,Friday,23
FL1179,Go First,PNQ,BLR,2025-01-03 18:00,2025-01-03 19:27,87,Delayed,204,Jan,Friday,18
FL1180,Go First,DEL,CCU,2025-06-19 13:00,2025-06-19 13:41,41,Delayed,133,Jun,Thursday,13
FL1181,Air India,CCU,BOM,2025-03-06 21:00,2025-03-06 21:09,9,On Time,218,Mar,Thursday,21
FL1182,Go First,BLR,PNQ,2025-02-03 03:00,2025-02-03 03:04,4,On Time,220,Feb,Monday,3
FL1183,SpiceJet,AMD,DEL,2025-05-05 12:00,2025-05-05 12:38,38,Delayed,93,May,Monday,12
FL1184,SpiceJet,CCU,PNQ,2025-05-22 19:00,2025-05-22 19:23,23,Delayed,104,May,Thursday,19
FL1185,Akasa Air,CCU,MAA,2025-06-21 06:00,2025-06-21 06:43,43,Delayed,129,Jun,Saturday,6
FL1186,SpiceJet,AMD,PNQ,2025-04-11 17:00,2025-04-11 17:38,38,Delayed,146,Apr,Friday,17
FL1187,Vistara,BOM,BLR,2025-03-19 00:00,2025-03-19 00:26,26,Delayed,161,Mar,Wednesday,0
FL1188,Akasa Air,CCU,DEL,2025-05-15 16:00,2025-05-15 16:09,9,On Time,63,May,Thursday,16
FL1189,IndiGo,AMD,BLR,2025-03-31 11:00,2025-03-31 11:00,0,On Time,209,Mar,Monday,11
FL1190,Go First,CCU,DEL,2025-03-21 19:00,2025-03-21 19:00,0,Cancelled,180,Mar,Friday,19
FL1191,Akasa Air,CCU,MAA,2025-03-17 13:00,2025-03-17 13:46,46,Delayed,76,Mar,Monday,13
FL1192,Vistara,MAA,PNQ,2025-05-20 08:00,2025-05-20 08:32,32,Delayed,89,May,Tuesday,8
FL1193,IndiGo,MAA,HYD,2025-02-09 15:00,2025-02-09 15:00,0,On Time,84,Feb,Sunday,15
FL1194,Akasa Air,BLR,MAA,2025-06-04 20:00,2025-06-04 20:31,31,Delayed,154,Jun,Wednesday,20
FL1195,Go First,PNQ,MAA,2025-02-22 17:00,2025-02-22 17:36,36,Delayed,166,Feb,Saturday,17
FL1196,Vistara,PNQ,BLR,2025-01-12 04:00,2025-01-12 04:08,8,On Time,154,Jan,Sunday,4
FL1197,Vistara,HYD,AMD,2025-05-04 19:00,2025-05-04 19:31,31,Delayed,85,May,Sunday,19
FL1198,SpiceJet,CCU,DEL,2025-05-16 21:00,2025-05-16 21:29,29,Delayed,130,May,Friday,21
FL1199,IndiGo,AMD,DEL,2025-03-14 09:00,2025-03-14 09:02,2,On Time,212,Mar,Friday,9
FL1200,IndiGo,CCU,BOM,2025-02-12 23:00,2025-02-12 23:35,35,Delayed,204,Feb,Wednesday,23
FL1201,Akasa Air,HYD,CCU,2025-03-15 17:00,2025-03-15 17:40,40,Delayed,119,Mar,Saturday,17
FL1202,Air India,DEL,HYD,2025-02-19 09:00,2025-02-19 09:51,51,Delayed,93,Feb,Wednesday,9
FL1203,Air India,BOM,PNQ,2025-01-09 19:00,2025-01-09 19:00,0,Cancelled,93,Jan,Thursday,19
FL1204,Air India,CCU,DEL,2025-03-01 11:00,2025-03-01 11:00,0,On Time,127,Mar,Saturday,11
FL1205,Go First,PNQ,MAA,2025-02-08 19:00,2025-02-08 19:07,7,On Time,76,Feb,Saturday,19
FL1206,SpiceJet,BOM,MAA,2025-06-21 23:00,2025-06-21 23:39,39,Delayed,116,Jun,Saturday,23
FL1207,IndiGo,MAA,HYD,2025-01-11 15:00,2025-01-11 15:39,39,Delayed,75,Jan,Saturday,15
FL1208,Vistara,PNQ,CCU,2025-02-06 20:00,2025-02-06 20:39,39,Delayed,185,Feb,Thursday,20
FL1209,Vistara,BOM,DEL,2025-04-20 22:00,2025-04-20 23:52,112,Delayed,215,Apr,Sunday,22
FL1210,Air India,MAA,CCU,2025-04-21 23:00,2025-04-21 23:40,40,Delayed,157,Apr,Monday,23
FL1211,Akasa Air,MAA,HYD,2025-06-22 13:00,2025-06-22 13:52,52,Delayed,214,Jun,Sunday,13
FL1212,Go First,BOM,AMD,2025-03-15 09:00,2025-03-15 09:48,48,Delayed,170,Mar,Saturday,9
FL1213,Air India,PNQ,BLR,2025-06-04 19:00,2025-06-04 19:42,42,Delayed,162,Jun,Wednesday,19
FL1214,IndiGo,CCU,HYD,2025-04-17 16:00,2025-04-17 16:21,21,Delayed,125,Apr,Thursday,16
FL1215,Air India,AMD,DEL,2025-02-01 03:00,2025-02-01 03:44,44,Delayed,81,Feb,Saturday,3
FL1216,IndiGo,CCU,AMD,2025-02-14 09:00,2025-02-14 09:10,10,On Time,202,Feb,Friday,9
FL1217,Akasa Air,CCU,PNQ,2025-02-11 17:00,2025-02-11 17:22,22,Delayed,165,Feb,Tuesday,17
FL1218,Go First,PNQ,AMD,2025-01-18 13:00,2025-01-18 13:17,17,Delayed,133,Jan,Saturday,13
FL1219,SpiceJet,BOM,CCU,2025-06-23 04:00,2025-06-23 04:29,29,Delayed,114,Jun,Monday,4
FL1220,Vistara,HYD,AMD,2025-02-06 22:00,2025-02-06 23:18,78,Delayed,149,Feb,Thursday,22
FL1221,SpiceJet,BOM,AMD,2025-04-06 02:00,2025-04-06 02:00,0,On Time,206,Apr,Sunday,2
FL1222,Vistara,DEL,CCU,2025-04-02 06:00,2025-04-02 06:43,43,Delayed,67,Apr,Wednesday,6
FL1223,Go First,MAA,BLR,2025-04-30 19:00,2025-04-30 19:00,0,On Time,61,Apr,Wednesday,19
FL1224,Air India,PNQ,DEL,2025-02-18 10:00,2025-02-18 10:17,17,Delayed,67,Feb,Tuesday,10
FL1225,Akasa Air,HYD,MAA,2025-05-24 07:00,2025-05-24 07:51,51,Delayed,176,May,Saturday,7
FL1226,SpiceJet,MAA,PNQ,2025-04-21 17:00,2025-04-21 17:29,29,Delayed,205,Apr,Monday,17
FL1227,IndiGo,BLR,BOM,2025-01-17 23:00,2025-01-17 23:04,4,On Time,80,Jan,Friday,23
FL1228,Go First,PNQ,HYD,2025-05-31 21:00,2025-05-31 21:12,12,On Time,166,May,Saturday,21
FL1229,Akasa Air,BOM,HYD,2025-05-27 17:00,2025-05-27 17:42,42,Delayed,88,May,Tuesday,17
FL1230,Go First,AMD,MAA,2025-04-16 06:00,2025-04-16 06:11,11,On Time,71,Apr,Wednesday,6
FL1231,Akasa Air,DEL,BOM,2025-03-11 18:00,2025-03-11 18:32,32,Delayed,137,Mar,Tuesday,18
FL1232,Air India,MAA,BLR,2025-04-22 23:00,2025-04-22 23:00,0,Cancelled,90,Apr,Tuesday,23
FL1233,Go First,PNQ,BOM,2025-02-14 02:00,2025-02-14 02:13,13,On Time,157,Feb,Friday,2
FL1234,Air India,CCU,DEL,2025-05-16 12:00,2025-05-16 13:15,75,Delayed,70,May,Friday,12
FL1235,Vistara,BOM,AMD,2025-04-17 20:00,2025-04-17 20:41,41,Delayed,207,Apr,Thursday,20
FL1236,Vistara,PNQ,BLR,2025-02-09 07:00,2025-02-09 07:00,0,Cancelled,163,Feb,Sunday,7
FL1237,SpiceJet,BLR,AMD,2025-06-07 01:00,2025-06-07 01:32,32,Delayed,152,Jun,Saturday,1
FL1238,IndiGo,HYD,MAA,2025-05-17 16:00,2025-05-17 16:13,13,On Time,194,May,Saturday,16
FL1239,SpiceJet,CCU,BOM,2025-04-24 16:00,2025-04-24 16:46,46,Delayed,103,Apr,Thursday,16
FL1240,Go First,BOM,CCU,2025-06-24 01:00,2025-06-24 01:10,10,On Time,109,Jun,Tuesday,1
FL1241,SpiceJet,CCU,PNQ,2025-02-20 09:00,2025-02-20 09:25,25,Delayed,120,Feb,Thursday,9
FL1242,SpiceJet,HYD,BOM,2025-02-22 04:00,2025-02-22 04:39,39,Delayed,79,Feb,Saturday,4
FL1243,Go First,AMD,HYD,2025-06-03 05:00,2025-06-03 05:47,47,Delayed,204,Jun,Tuesday,5
FL1244,Akasa Air,CCU,AMD,2025-04-18 21:00,2025-04-18 21:01,1,On Time,98,Apr,Friday,21
FL1245,Vistara,AMD,CCU,2025-04-14 08:00,2025-04-14 08:20,20,Delayed,130,Apr,Monday,8
FL1246,SpiceJet,BOM,HYD,2025-06-07 14:00,2025-06-07 14:17,17,Delayed,175,Jun,Saturday,14
FL1247,SpiceJet,MAA,DEL,2025-01-31 19:00,2025-01-31 19:13,13,On Time,217,Jan,Friday,19
FL1248,Vistara,AMD,MAA,2025-01-15 00:00,2025-01-15 01:06,66,Delayed,175,Jan,Wednesday,0
FL1249,Akasa Air,HYD,BLR,2025-06-12 08:00,2025-06-12 08:36,36,Delayed,188,Jun,Thursday,8
FL1250,IndiGo,AMD,DEL,2025-04-28 05:00,2025-04-28 05:00,0,On Time,81,Apr,Monday,5
FL1251,Air India,DEL,BLR,2025-05-30 10:00,2025-05-30 10:48,48,Delayed,172,May,Friday,10
FL1252,Akasa Air,BLR,HYD,2025-05-08 06:00,2025-05-08 07:14,74,Delayed,132,May,Thursday,6
FL1253,SpiceJet,DEL,AMD,2025-04-25 05:00,2025-04-25 05:50,50,Delayed,76,Apr,Friday,5
FL1254,Akasa Air,PNQ,BLR,2025-03-28 00:00,2025-03-28 00:00,0,On Time,214,Mar,Friday,0
FL1255,SpiceJet,BOM,CCU,2025-02-18 06:00,2025-02-18 06:17,17,Delayed,149,Feb,Tuesday,6
FL1256,Go First,PNQ,BOM,2025-01-29 22:00,2025-01-29 22:55,55,Delayed,139,Jan,Wednesday,22
FL1257,Go First,CCU,AMD,2025-02-13 14:00,2025-02-13 14:12,12,On Time,194,Feb,Thursday,14
FL1258,Go First,PNQ,MAA,2025-05-04 12:00,2025-05-04 12:37,37,Delayed,64,May,Sunday,12
FL1259,Air India,HYD,BLR,2025-06-15 23:00,2025-06-15 23:45,45,Delayed,109,Jun,Sunday,23
FL1260,Air India,BLR,DEL,2025-04-11 23:00,2025-04-11 23:07,7,On Time,85,Apr,Friday,23
FL1261,Akasa Air,DEL,PNQ,2025-04-25 22:00,2025-04-25 22:26,26,Delayed,218,Apr,Friday,22
FL1262,Vistara,BLR,BOM,2025-03-03 17:00,2025-03-03 17:00,0,On Time,219,Mar,Monday,17
FL1263,Air India,AMD,DEL,2025-05-21 05:00,2025-05-21 05:05,5,On Time,153,May,Wednesday,5
FL1264,Air India,AMD,MAA,2025-04-08 06:00,2025-04-08 06:22,22,Delayed,174,Apr,Tuesday,6
FL1265,Air India,MAA,AMD,2025-06-10 02:00,2025-06-10 02:00,0,On Time,109,Jun,Tuesday,2
FL1266,Akasa Air,AMD,HYD,2025-04-07 04:00,2025-04-07 05:03,63,Delayed,157,Apr,Monday,4
FL1267,Vistara,BLR,AMD,2025-03-10 03:00,2025-03-10 03:00,0,On Time,214,Mar,Monday,3
FL1268,SpiceJet,DEL,PNQ,2025-06-14 00:00,2025-06-14 00:18,18,Delayed,155,Jun,Saturday,0
FL1269,IndiGo,BOM,HYD,2025-01-29 15:00,2025-01-29 15:30,30,Delayed,101,Jan,Wednesday,15
FL1270,Akasa Air,BLR,AMD,2025-05-30 07:00,2025-05-30 07:59,59,Delayed,83,May,Friday,7
FL1271,Air India,AMD,BLR,2025-01-10 02:00,2025-01-10 02:00,0,On Time,166,Jan,Friday,2
FL1272,Akasa Air,CCU,BOM,2025-05-12 19:00,2025-05-12 19:53,53,Delayed,80,May,Monday,19
FL1273,IndiGo,CCU,DEL,2025-04-25 10:00,2025-04-25 10:28,28,Delayed,97,Apr,Friday,10
FL1274,SpiceJet,AMD,CCU,2025-02-17 08:00,2025-02-17 08:06,6,On Time,180,Feb,Monday,8
FL1275,IndiGo,BOM,DEL,2025-03-29 08:00,2025-03-29 08:38,38,Delayed,115,Mar,Saturday,8
FL1276,Akasa Air,PNQ,DEL,2025-04-09 08:00,2025-04-09 08:32,32,Delayed,120,Apr,Wednesday,8
FL1277,IndiGo,HYD,MAA,2025-06-06 00:00,2025-06-06 00:14,14,On Time,76,Jun,Friday,0
FL1278,Vistara,DEL,PNQ,2025-06-25 21:00,2025-06-25 21:29,29,Delayed,207,Jun,Wednesday,21
FL1279,Air India,MAA,HYD,2025-01-01 12:00,2025-01-01 12:19,19,Delayed,217,Jan,Wednesday,12
FL1280,Akasa Air,PNQ,BOM,2025-01-30 05:00,2025-01-30 05:30,30,Delayed,194,Jan,Thursday,5
FL1281,IndiGo,DEL,MAA,2025-06-10 11:00,2025-06-10 11:42,42,Delayed,71,Jun,Tuesday,11
FL1282,SpiceJet,MAA,PNQ,2025-01-06 13:00,2025-01-06 14:02,62,Delayed,151,Jan,Monday,13
FL1283,SpiceJet,HYD,PNQ,2025-02-05 09:00,2025-02-05 09:00,0,On Time,208,Feb,Wednesday,9
FL1284,SpiceJet,BLR,DEL,2025-05-01 06:00,2025-05-01 07:14,74,Delayed,199,May,Thursday,6
FL1285,Go First,BLR,AMD,2025-06-08 14:00,2025-06-08 14:00,0,On Time,182,Jun,Sunday,14
FL1286,Air India,BOM,PNQ,2025-06-06 05:00,2025-06-06 05:24,24,Delayed,69,Jun,Friday,5
FL1287,IndiGo,HYD,DEL,2025-04-18 17:00,2025-04-18 17:40,40,Delayed,139,Apr,Friday,17
FL1288,Akasa Air,AMD,BLR,2025-01-13 11:00,2025-01-13 11:34,34,Delayed,108,Jan,Monday,11
FL1289,IndiGo,CCU,BLR,2025-02-12 11:00,2025-02-12 11:14,14,On Time,154,Feb,Wednesday,11
FL1290,Vistara,AMD,HYD,2025-04-26 17:00,2025-04-26 17:23,23,Delayed,107,Apr,Saturday,17
FL1291,Vistara,CCU,AMD,2025-06-27 05:00,2025-06-27 05:17,17,Delayed,128,Jun,Friday,5
FL1292,Go First,PNQ,DEL,2025-05-27 23:00,2025-05-27 23:15,15,On Time,214,May,Tuesday,23
FL1293,Air India,MAA,BLR,2025-02-05 00:00,2025-02-05 00:46,46,Delayed,80,Feb,Wednesday,0
FL1294,SpiceJet,MAA,HYD,2025-05-26 10:00,2025-05-26 10:35,35,Delayed,102,May,Monday,10
FL1295,SpiceJet,AMD,DEL,2025-05-01 08:00,2025-05-01 08:12,12,On Time,217,May,Thursday,8
FL1296,SpiceJet,DEL,BOM,2025-05-19 15:00,2025-05-19 15:47,47,Delayed,153,May,Monday,15
FL1297,Go First,BLR,DEL,2025-02-18 17:00,2025-02-18 17:34,34,Delayed,215,Feb,Tuesday,17
FL1298,Vistara,DEL,BLR,2025-01-23 22:00,2025-01-23 22:45,45,Delayed,120,Jan,Thursday,22
FL1299,SpiceJet,CCU,HYD,2025-01-12 01:00,2025-01-12 01:41,41,Delayed,214,Jan,Sunday,1
FL1300,Vistara,CCU,BLR,2025-06-01 12:00,2025-06-01 12:09,9,On Time,79,Jun,Sunday,12
FL1301,Akasa Air,CCU,HYD,2025-04-18 07:00,2025-04-18 07:15,15,On Time,131,Apr,Friday,7
FL1302,IndiGo,DEL,PNQ,2025-03-05 12:00,2025-03-05 12:44,44,Delayed,187,Mar,Wednesday,12
FL1303,Akasa Air,BOM,HYD,2025-03-30 20:00,2025-03-30 20:41,41,Delayed,174,Mar,Sunday,20
FL1304,Akasa Air,MAA,PNQ,2025-06-17 15:00,2025-06-17 15:27,27,Delayed,111,Jun,Tuesday,15
FL1305,IndiGo,AMD,BOM,2025-06-01 22:00,2025-06-01 22:30,30,Delayed,82,Jun,Sunday,22
FL1306,SpiceJet,CCU,PNQ,2025-01-23 03:00,2025-01-23 03:56,56,Delayed,200,Jan,Thursday,3
FL1307,SpiceJet,BLR,PNQ,2025-03-01 10:00,2025-03-01 10:14,14,On Time,152,Mar,Saturday,10
FL1308,IndiGo,HYD,AMD,2025-02-17 09:00,2025-02-17 09:40,40,Delayed,120,Feb,Monday,9
FL1309,IndiGo,CCU,MAA,2025-05-06 22:00,2025-05-06 22:23,23,Delayed,179,May,Tuesday,22
FL1310,Akasa Air,BLR,CCU,2025-01-30 10:00,2025-01-30 10:23,23,Delayed,76,Jan,Thursday,10
FL1311,Go First,AMD,MAA,2025-05-21 05:00,2025-05-21 05:52,52,Delayed,164,May,Wednesday,5
FL1312,IndiGo,BLR,HYD,2025-01-26 07:00,2025-01-26 07:46,46,Delayed,175,Jan,Sunday,7
FL1313,Akasa Air,CCU,BOM,2025-03-04 02:00,2025-03-04 02:45,45,Delayed,93,Mar,Tuesday,2
FL1314,IndiGo,BOM,CCU,2025-02-22 05:00,2025-02-22 05:56,56,Delayed,137,Feb,Saturday,5
FL1315,SpiceJet,HYD,BLR,2025-06-27 02:00,2025-06-27 02:28,28,Delayed,132,Jun,Friday,2
FL1316,SpiceJet,HYD,PNQ,2025-04-04 16:00,2025-04-04 16:43,43,Delayed,92,Apr,Friday,16
FL1317,Akasa Air,BOM,CCU,2025-02-27 13:00,2025-02-27 13:21,21,Delayed,211,Feb,Thursday,13
FL1318,Air India,BLR,PNQ,2025-04-26 05:00,2025-04-26 05:35,35,Delayed,204,Apr,Saturday,5
FL1319,IndiGo,BOM,DEL,2025-04-01 08:00,2025-04-01 08:25,25,Delayed,113,Apr,Tuesday,8
FL1320,Vistara,DEL,MAA,2025-04-09 20:00,2025-04-09 20:30,30,Delayed,137,Apr,Wednesday,20
FL1321,Go First,PNQ,BLR,2025-06-04 19:00,2025-06-04 19:41,41,Delayed,78,Jun,Wednesday,19
FL1322,Air India,AMD,HYD,2025-06-15 06:00,2025-06-15 06:09,9,On Time,178,Jun,Sunday,6
FL1323,Akasa Air,BLR,HYD,2025-04-19 23:00,2025-04-20 00:14,74,Delayed,148,Apr,Saturday,23
FL1324,Air India,CCU,MAA,2025-02-06 05:00,2025-02-06 05:05,5,On Time,141,Feb,Thursday,5
FL1325,IndiGo,MAA,HYD,2025-03-26 14:00,2025-03-26 14:01,1,On Time,96,Mar,Wednesday,14
FL1326,SpiceJet,PNQ,AMD,2025-05-23 17:00,2025-05-23 17:53,53,Delayed,123,May,Friday,17
FL1327,Air India,CCU,MAA,2025-04-17 17:00,2025-04-17 17:45,45,Delayed,108,Apr,Thursday,17
FL1328,Vistara,AMD,HYD,2025-04-16 07:00,2025-04-16 07:00,0,Cancelled,187,Apr,Wednesday,7
FL1329,Vistara,AMD,BOM,2025-03-15 10:00,2025-03-15 10:41,41,Delayed,209,Mar,Saturday,10
FL1330,IndiGo,MAA,HYD,2025-06-10 15:00,2025-06-10 15:27,27,Delayed,133,Jun,Tuesday,15
FL1331,IndiGo,PNQ,BOM,2025-04-01 06:00,2025-04-01 06:08,8,On Time,153,Apr,Tuesday,6
FL1332,SpiceJet,DEL,MAA,2025-01-18 11:00,2025-01-18 11:29,29,Delayed,205,Jan,Saturday,11
FL1333,SpiceJet,MAA,DEL,2025-05-12 20:00,2025-05-12 20:13,13,On Time,189,May,Monday,20
FL1334,Akasa Air,MAA,AMD,2025-02-10 13:00,2025-02-10 13:49,49,Delayed,92,Feb,Monday,13
FL1335,Vistara,CCU,AMD,2025-04-26 17:00,2025-04-26 17:24,24,Delayed,202,Apr,Saturday,17
FL1336,Air India,HYD,CCU,2025-06-23 18:00,2025-06-23 18:09,9,On Time,162,Jun,Monday,18
FL1337,IndiGo,DEL,BLR,2025-04-24 16:00,2025-04-24 16:20,20,Delayed,181,Apr,Thursday,16
FL1338,Air India,BLR,HYD,2025-04-19 17:00,2025-04-19 17:37,37,Delayed,101,Apr,Saturday,17
FL1339,Akasa Air,MAA,CCU,2025-04-25 19:00,2025-04-25 19:15,15,On Time,189,Apr,Friday,19
FL1340,Akasa Air,AMD,CCU,2025-04-13 07:00,2025-04-13 07:09,9,On Time,181,Apr,Sunday,7
FL1341,SpiceJet,CCU,PNQ,2025-02-07 09:00,2025-02-07 09:33,33,Delayed,166,Feb,Friday,9
FL1342,Go First,DEL,CCU,2025-06-11 23:00,2025-06-11 23:33,33,Delayed,127,Jun,Wednesday,23
FL1343,Akasa Air,HYD,PNQ,2025-01-18 12:00,2025-01-18 12:16,16,Delayed,209,Jan,Saturday,12
FL1344,Akasa Air,PNQ,BOM,2025-03-24 16:00,2025-03-24 16:17,17,Delayed,68,Mar,Monday,16
FL1345,Go First,BOM,BLR,2025-01-07 11:00,2025-01-07 11:33,33,Delayed,172,Jan,Tuesday,11
FL1346,Air India,PNQ,CCU,2025-03-11 14:00,2025-03-11 14:00,0,On Time,165,Mar,Tuesday,14
FL1347,Akasa Air,AMD,PNQ,2025-01-22 06:00,2025-01-22 06:00,0,On Time,95,Jan,Wednesday,6
FL1348,Akasa Air,CCU,PNQ,2025-06-13 06:00,2025-06-13 06:12,12,On Time,194,Jun,Friday,6
FL1349,Air India,AMD,MAA,2025-04-27 20:00,2025-04-27 20:23,23,Delayed,199,Apr,Sunday,20
FL1350,Go First,MAA,CCU,2025-06-15 06:00,2025-06-15 06:34,34,Delayed,109,Jun,Sunday,6
FL1351,SpiceJet,MAA,BOM,2025-04-12 14:00,2025-04-12 15:00,60,Delayed,133,Apr,Saturday,14
FL1352,Go First,AMD,BLR,2025-06-13 18:00,2025-06-13 18:46,46,Delayed,149,Jun,Friday,18
FL1353,Go First,MAA,BLR,2025-02-11 14:00,2025-02-11 14:24,24,Delayed,206,Feb,Tuesday,14
FL1354,Vistara,PNQ,AMD,2025-04-28 19:00,2025-04-28 19:27,27,Delayed,97,Apr,Monday,19
FL1355,SpiceJet,BOM,HYD,2025-05-31 23:00,2025-05-31 23:05,5,On Time,125,May,Saturday,23
FL1356,Air India,HYD,AMD,2025-04-03 13:00,2025-04-03 13:27,27,Delayed,203,Apr,Thursday,13
FL1357,Air India,BOM,CCU,2025-03-23 16:00,2025-03-23 16:21,21,Delayed,122,Mar,Sunday,16
FL1358,Akasa Air,HYD,PNQ,2025-03-21 11:00,2025-03-21 11:35,35,Delayed,73,Mar,Friday,11
FL1359,SpiceJet,AMD,DEL,2025-02-16 22:00,2025-02-16 22:09,9,On Time,61,Feb,Sunday,22
FL1360,Air India,PNQ,CCU,2025-06-12 08:00,2025-06-12 08:39,39,Delayed,182,Jun,Thursday,8
FL1361,SpiceJet,CCU,BLR,2025-01-21 04:00,2025-01-21 05:01,61,Delayed,82,Jan,Tuesday,4
FL1362,Air India,DEL,BLR,2025-05-23 15:00,2025-05-23 15:25,25,Delayed,105,May,Friday,15
FL1363,IndiGo,PNQ,AMD,2025-06-19 02:00,2025-06-19 02:36,36,Delayed,107,Jun,Thursday,2
FL1364,SpiceJet,DEL,BOM,2025-04-12 20:00,2025-04-12 20:43,43,Delayed,205,Apr,Saturday,20
FL1365,SpiceJet,MAA,HYD,2025-06-28 23:00,2025-06-28 23:19,19,Delayed,186,Jun,Saturday,23
FL1366,Air India,AMD,BLR,2025-03-07 19:00,2025-03-07 19:32,32,Delayed,88,Mar,Friday,19
FL1367,Go First,AMD,CCU,2025-03-29 19:00,2025-03-29 19:00,0,Cancelled,107,Mar,Saturday,19
FL1368,SpiceJet,MAA,CCU,2025-03-07 22:00,2025-03-07 22:30,30,Delayed,104,Mar,Friday,22
FL1369,Go First,PNQ,AMD,2025-05-26 23:00,2025-05-26 23:10,10,On Time,191,May,Monday,23
FL1370,Vistara,BOM,BLR,2025-02-17 23:00,2025-02-17 23:28,28,Delayed,182,Feb,Monday,23
FL1371,Air India,DEL,HYD,2025-05-11 22:00,2025-05-11 22:38,38,Delayed,120,May,Sunday,22
FL1372,SpiceJet,CCU,BLR,2025-01-04 21:00,2025-01-04 21:59,59,Delayed,126,Jan,Saturday,21
FL1373,Go First,HYD,DEL,2025-02-10 08:00,2025-02-10 08:49,49,Delayed,179,Feb,Monday,8
FL1374,Vistara,MAA,PNQ,2025-02-10 01:00,2025-02-10 02:15,75,Delayed,135,Feb,Monday,1
FL1375,Air India,HYD,BOM,2025-06-13 05:00,2025-06-13 05:11,11,On Time,99,Jun,Friday,5
FL1376,Akasa Air,CCU,HYD,2025-06-10 17:00,2025-06-10 17:47,47,Delayed,197,Jun,Tuesday,17
FL1377,Air India,HYD,PNQ,2025-01-28 22:00,2025-01-28 22:32,32,Delayed,194,Jan,Tuesday,22
FL1378,Go First,CCU,DEL,2025-02-08 07:00,2025-02-08 08:16,76,Delayed,75,Feb,Saturday,7
FL1379,Akasa Air,HYD,CCU,2025-02-21 03:00,2025-02-21 03:10,10,On Time,102,Feb,Friday,3
FL1380,Akasa Air,AMD,DEL,2025-03-12 02:00,2025-03-12 02:09,9,On Time,209,Mar,Wednesday,2
FL1381,Akasa Air,AMD,PNQ,2025-01-19 23:00,2025-01-19 23:14,14,On Time,176,Jan,Sunday,23
FL1382,Vistara,AMD,MAA,2025-01-20 16:00,2025-01-20 16:00,0,On Time,203,Jan,Monday,16
FL1383,SpiceJet,DEL,MAA,2025-03-28 20:00,2025-03-28 20:16,16,Delayed,60,Mar,Friday,20
FL1384,Akasa Air,BOM,DEL,2025-05-25 14:00,2025-05-25 14:11,11,On Time,148,May,Sunday,14
FL1385,Akasa Air,DEL,BOM,2025-06-11 03:00,2025-06-11 03:31,31,Delayed,68,Jun,Wednesday,3
FL1386,Air India,BLR,AMD,2025-05-24 11:00,2025-05-24 11:35,35,Delayed,155,May,Saturday,11
FL1387,Vistara,AMD,PNQ,2025-05-09 20:00,2025-05-09 21:09,69,Delayed,156,May,Friday,20
FL1388,Go First,BLR,PNQ,2025-04-29 16:00,2025-04-29 16:48,48,Delayed,90,Apr,Tuesday,16
FL1389,Akasa Air,PNQ,MAA,2025-02-13 11:00,2025-02-13 11:15,15,On Time,117,Feb,Thursday,11
FL1390,IndiGo,MAA,HYD,2025-05-25 18:00,2025-05-25 18:08,8,On Time,196,May,Sunday,18
FL1391,Air India,HYD,MAA,2025-04-29 03:00,2025-04-29 03:38,38,Delayed,99,Apr,Tuesday,3
FL1392,Go First,BOM,DEL,2025-05-24 02:00,2025-05-24 02:00,0,On Time,217,May,Saturday,2
FL1393,IndiGo,HYD,BOM,2025-01-23 23:00,2025-01-24 00:08,68,Delayed,85,Jan,Thursday,23
FL1394,Vistara,DEL,BLR,2025-01-16 02:00,2025-01-16 02:53,53,Delayed,162,Jan,Thursday,2
FL1395,Akasa Air,HYD,AMD,2025-01-20 06:00,2025-01-20 06:17,17,Delayed,95,Jan,Monday,6
FL1396,SpiceJet,HYD,AMD,2025-04-19 20:00,2025-04-19 20:00,0,On Time,207,Apr,Saturday,20
FL1397,Go First,CCU,BOM,2025-04-14 00:00,2025-04-14 00:57,57,Delayed,96,Apr,Monday,0
FL1398,Akasa Air,HYD,MAA,2025-04-13 13:00,2025-04-13 13:25,25,Delayed,130,Apr,Sunday,13
FL1399,Akasa Air,BLR,PNQ,2025-05-26 19:00,2025-05-26 19:55,55,Delayed,202,May,Monday,19
FL1400,SpiceJet,PNQ,AMD,2025-06-29 00:00,2025-06-29 00:00,0,On Time,141,Jun,Sunday,0
FL1401,Vistara,BLR,HYD,2025-05-09 11:00,2025-05-09 11:14,14,On Time,107,May,Friday,11
FL1402,Vistara,HYD,AMD,2025-03-18 22:00,2025-03-18 22:28,28,Delayed,136,Mar,Tuesday,22
FL1403,Air India,AMD,DEL,2025-05-21 20:00,2025-05-21 20:29,29,Delayed,166,May,Wednesday,20
FL1404,Air India,PNQ,BOM,2025-03-29 00:00,2025-03-29 00:18,18,Delayed,112,Mar,Saturday,0
FL1405,IndiGo,AMD,PNQ,2025-05-07 15:00,2025-05-07 15:41,41,Delayed,83,May,Wednesday,15
FL1406,Air India,DEL,HYD,2025-05-09 17:00,2025-05-09 17:04,4,On Time,214,May,Friday,17
FL1407,IndiGo,HYD,AMD,2025-03-16 01:00,2025-03-16 01:24,24,Delayed,182,Mar,Sunday,1
FL1408,SpiceJet,MAA,DEL,2025-03-14 07:00,2025-03-14 07:30,30,Delayed,108,Mar,Friday,7
FL1409,IndiGo,AMD,BOM,2025-03-11 19:00,2025-03-11 19:39,39,Delayed,161,Mar,Tuesday,19
FL1410,Akasa Air,CCU,AMD,2025-04-07 14:00,2025-04-07 14:43,43,Delayed,157,Apr,Monday,14
FL1411,Go First,CCU,BLR,2025-03-31 06:00,2025-03-31 06:03,3,On Time,152,Mar,Monday,6
FL1412,Vistara,AMD,DEL,2025-06-10 06:00,2025-06-10 06:00,0,On Time,141,Jun,Tuesday,6
FL1413,SpiceJet,CCU,HYD,2025-01-16 14:00,2025-01-16 14:56,56,Delayed,204,Jan,Thursday,14
FL1414,Go First,BLR,DEL,2025-03-31 00:00,2025-03-31 00:35,35,Delayed,201,Mar,Monday,0
FL1415,Akasa Air,PNQ,BLR,2025-02-22 00:00,2025-02-22 00:11,11,On Time,110,Feb,Saturday,0
FL1416,Vistara,HYD,MAA,2025-04-26 05:00,2025-04-26 06:02,62,Delayed,125,Apr,Saturday,5
FL1417,Vistara,AMD,HYD,2025-02-27 10:00,2025-02-27 10:30,30,Delayed,150,Feb,Thursday,10
FL1418,Go First,AMD,BOM,2025-01-21 01:00,2025-01-21 01:53,53,Delayed,194,Jan,Tuesday,1
FL1419,IndiGo,DEL,AMD,2025-01-03 04:00,2025-01-03 04:29,29,Delayed,165,Jan,Friday,4
FL1420,Go First,HYD,DEL,2025-02-21 13:00,2025-02-21 14:13,73,Delayed,62,Feb,Friday,13
FL1421,Vistara,CCU,DEL,2025-06-14 22:00,2025-06-14 22:00,0,Cancelled,184,Jun,Saturday,22
FL1422,Akasa Air,PNQ,DEL,2025-01-06 17:00,2025-01-06 17:22,22,Delayed,195,Jan,Monday,17
FL1423,Akasa Air,MAA,DEL,2025-06-21 10:00,2025-06-21 10:49,49,Delayed,170,Jun,Saturday,10
FL1424,Air India,BOM,DEL,2025-06-28 23:00,2025-06-28 23:42,42,Delayed,98,Jun,Saturday,23
FL1425,Akasa Air,MAA,AMD,2025-05-01 23:00,2025-05-01 23:58,58,Delayed,128,May,Thursday,23
FL1426,IndiGo,CCU,HYD,2025-06-06 16:00,2025-06-06 16:06,6,On Time,204,Jun,Friday,16
FL1427,Go First,HYD,BLR,2025-01-28 12:00,2025-01-28 12:43,43,Delayed,68,Jan,Tuesday,12
FL1428,Vistara,PNQ,MAA,2025-06-12 11:00,2025-06-12 11:51,51,Delayed,74,Jun,Thursday,11
FL1429,Go First,BLR,DEL,2025-06-20 14:00,2025-06-20 14:00,0,On Time,171,Jun,Friday,14
FL1430,SpiceJet,BOM,CCU,2025-01-15 12:00,2025-01-15 12:01,1,On Time,118,Jan,Wednesday,12
FL1431,Go First,AMD,BLR,2025-01-16 21:00,2025-01-16 21:00,0,On Time,79,Jan,Thursday,21
FL1432,SpiceJet,DEL,BLR,2025-04-18 08:00,2025-04-18 08:22,22,Delayed,64,Apr,Friday,8
FL1433,Akasa Air,BLR,AMD,2025-05-16 22:00,2025-05-16 22:43,43,Delayed,79,May,Friday,22
FL1434,Akasa Air,HYD,CCU,2025-05-13 19:00,2025-05-13 20:01,61,Delayed,198,May,Tuesday,19
FL1435,Go First,BLR,AMD,2025-01-27 18:00,2025-01-27 18:29,29,Delayed,188,Jan,Monday,18
FL1436,SpiceJet,DEL,BOM,2025-05-30 04:00,2025-05-30 05:03,63,Delayed,119,May,Friday,4
FL1437,SpiceJet,PNQ,AMD,2025-04-22 09:00,2025-04-22 09:00,0,On Time,67,Apr,Tuesday,9
FL1438,Vistara,AMD,BOM,2025-05-02 10:00,2025-05-02 10:00,0,On Time,201,May,Friday,10
FL1439,Vistara,BLR,PNQ,2025-05-10 17:00,2025-05-10 17:26,26,Delayed,81,May,Saturday,17
FL1440,SpiceJet,HYD,PNQ,2025-01-26 02:00,2025-01-26 02:36,36,Delayed,81,Jan,Sunday,2
FL1441,Vistara,BLR,PNQ,2025-05-13 23:00,2025-05-13 23:27,27,Delayed,141,May,Tuesday,23
FL1442,IndiGo,DEL,HYD,2025-06-01 19:00,2025-06-01 19:00,0,On Time,152,Jun,Sunday,19
FL1443,IndiGo,BLR,DEL,2025-03-05 23:00,2025-03-05 23:26,26,Delayed,170,Mar,Wednesday,23
FL1444,Akasa Air,PNQ,DEL,2025-01-09 23:00,2025-01-09 23:00,0,On Time,82,Jan,Thursday,23
FL1445,IndiGo,CCU,AMD,2025-05-12 11:00,2025-05-12 11:42,42,Delayed,63,May,Monday,11
FL1446,Vistara,BOM,PNQ,2025-03-24 20:00,2025-03-24 20:36,36,Delayed,206,Mar,Monday,20
FL1447,Go First,PNQ,BOM,2025-02-17 09:00,2025-02-17 09:07,7,On Time,128,Feb,Monday,9
FL1448,Vistara,BLR,DEL,2025-02-27 01:00,2025-02-27 01:16,16,Delayed,171,Feb,Thursday,1
FL1449,SpiceJet,AMD,PNQ,2025-01-27 06:00,2025-01-27 06:04,4,On Time,152,Jan,Monday,6
FL1450,Air India,AMD,MAA,2025-03-08 17:00,2025-03-08 17:26,26,Delayed,177,Mar,Saturday,17
FL1451,SpiceJet,DEL,MAA,2025-04-24 09:00,2025-04-24 09:49,49,Delayed,218,Apr,Thursday,9
FL1452,SpiceJet,AMD,BLR,2025-05-27 23:00,2025-05-27 23:06,6,On Time,212,May,Tuesday,23
FL1453,SpiceJet,HYD,MAA,2025-04-18 05:00,2025-04-18 05:39,39,Delayed,105,Apr,Friday,5
FL1454,SpiceJet,MAA,PNQ,2025-06-17 14:00,2025-06-17 14:16,16,Delayed,207,Jun,Tuesday,14
FL1455,SpiceJet,PNQ,BLR,2025-05-15 02:00,2025-05-15 02:10,10,On Time,153,May,Thursday,2
FL1456,Akasa Air,HYD,CCU,2025-03-03 09:00,2025-03-03 09:00,0,Cancelled,200,Mar,Monday,9
FL1457,Go First,AMD,CCU,2025-03-13 13:00,2025-03-13 13:05,5,On Time,172,Mar,Thursday,13
FL1458,Go First,BOM,AMD,2025-05-20 15:00,2025-05-20 15:15,15,On Time,187,May,Tuesday,15
FL1459,SpiceJet,HYD,BLR,2025-02-22 14:00,2025-02-22 14:01,1,On Time,168,Feb,Saturday,14
FL1460,IndiGo,AMD,MAA,2025-06-13 13:00,2025-06-13 14:11,71,Delayed,209,Jun,Friday,13
FL1461,Akasa Air,PNQ,MAA,2025-01-13 13:00,2025-01-13 13:28,28,Delayed,152,Jan,Monday,13
FL1462,Akasa Air,BOM,DEL,2025-03-26 17:00,2025-03-26 17:12,12,On Time,150,Mar,Wednesday,17
FL1463,Akasa Air,DEL,CCU,2025-05-17 09:00,2025-05-17 09:32,32,Delayed,144,May,Saturday,9
FL1464,Vistara,BOM,DEL,2025-02-03 15:00,2025-02-03 15:25,25,Delayed,126,Feb,Monday,15
FL1465,Go First,HYD,MAA,2025-05-08 16:00,2025-05-08 16:23,23,Delayed,160,May,Thursday,16
FL1466,Go First,BLR,HYD,2025-01-09 09:00,2025-01-09 09:41,41,Delayed,183,Jan,Thursday,9
FL1467,Vistara,BOM,DEL,2025-02-18 08:00,2025-02-18 08:44,44,Delayed,149,Feb,Tuesday,8
FL1468,Vistara,HYD,CCU,2025-06-14 20:00,2025-06-14 20:16,16,Delayed,149,Jun,Saturday,20
FL1469,Vistara,AMD,BLR,2025-01-23 22:00,2025-01-23 22:15,15,On Time,136,Jan,Thursday,22
FL1470,Go First,BOM,DEL,2025-04-28 02:00,2025-04-28 02:21,21,Delayed,87,Apr,Monday,2
FL1471,Air India,HYD,CCU,2025-03-01 13:00,2025-03-01 13:00,0,On Time,201,Mar,Saturday,13
FL1472,Akasa Air,PNQ,HYD,2025-03-21 03:00,2025-03-21 03:00,0,On Time,163,Mar,Friday,3
FL1473,Air India,PNQ,HYD,2025-01-10 23:00,2025-01-10 23:58,58,Delayed,217,Jan,Friday,23
FL1474,Vistara,PNQ,HYD,2025-01-02 12:00,2025-01-02 13:04,64,Delayed,114,Jan,Thursday,12
FL1475,Go First,BOM,CCU,2025-02-04 17:00,2025-02-04 17:22,22,Delayed,197,Feb,Tuesday,17
FL1476,SpiceJet,HYD,MAA,2025-02-08 21:00,2025-02-08 21:40,40,Delayed,127,Feb,Saturday,21
FL1477,Vistara,CCU,MAA,2025-05-13 15:00,2025-05-13 15:34,34,Delayed,216,May,Tuesday,15
FL1478,IndiGo,CCU,BLR,2025-06-06 06:00,2025-06-06 07:35,95,Delayed,218,Jun,Friday,6
FL1479,Go First,MAA,CCU,2025-01-29 22:00,2025-01-29 22:52,52,Delayed,94,Jan,Wednesday,22
FL1480,Air India,MAA,DEL,2025-03-04 11:00,2025-03-04 11:25,25,Delayed,155,Mar,Tuesday,11
FL1481,Akasa Air,PNQ,HYD,2025-02-17 01:00,2025-02-17 01:06,6,On Time,207,Feb,Monday,1
FL1482,Air India,AMD,CCU,2025-03-01 03:00,2025-03-01 03:00,0,On Time,202,Mar,Saturday,3
FL1483,SpiceJet,BLR,BOM,2025-04-18 09:00,2025-04-18 09:32,32,Delayed,175,Apr,Friday,9
FL1484,SpiceJet,DEL,MAA,2025-02-16 14:00,2025-02-16 14:11,11,On Time,109,Feb,Sunday,14
FL1485,Akasa Air,AMD,HYD,2025-06-17 20:00,2025-06-17 20:00,0,On Time,166,Jun,Tuesday,20
FL1486,Vistara,AMD,BOM,2025-01-29 05:00,2025-01-29 05:13,13,On Time,204,Jan,Wednesday,5
FL1487,Air India,MAA,DEL,2025-04-04 19:00,2025-04-04 19:04,4,On Time,117,Apr,Friday,19
FL1488,Air India,AMD,MAA,2025-06-19 01:00,2025-06-19 02:05,65,Delayed,200,Jun,Thursday,1
FL1489,Akasa Air,BOM,HYD,2025-05-06 05:00,2025-05-06 05:47,47,Delayed,198,May,Tuesday,5
FL1490,IndiGo,AMD,MAA,2025-03-16 14:00,2025-03-16 14:27,27,Delayed,168,Mar,Sunday,14
FL1491,Go First,HYD,BLR,2025-01-12 00:00,2025-01-12 01:00,60,Delayed,175,Jan,Sunday,0
FL1492,IndiGo,AMD,PNQ,2025-02-10 01:00,2025-02-10 01:29,29,Delayed,120,Feb,Monday,1
FL1493,Go First,CCU,AMD,2025-05-27 03:00,2025-05-27 03:09,9,On Time,102,May,Tuesday,3
FL1494,Air India,HYD,AMD,2025-01-21 06:00,2025-01-21 07:01,61,Delayed,205,Jan,Tuesday,6
FL1495,SpiceJet,BLR,HYD,2025-04-10 21:00,2025-04-10 21:39,39,Delayed,134,Apr,Thursday,21
FL1496,Akasa Air,BOM,BLR,2025-05-21 11:00,2025-05-21 11:05,5,On Time,75,May,Wednesday,11
FL1497,Go First,BLR,PNQ,2025-02-15 07:00,2025-02-15 07:23,23,Delayed,123,Feb,Saturday,7
FL1498,SpiceJet,HYD,AMD,2025-05-15 01:00,2025-05-15 01:08,8,On Time,185,May,Thursday,1
FL1499,Go First,MAA,PNQ,2025-05-22 09:00,2025-05-22 09:00,0,On Time,156,May,Thursday,9
